step,lr,train_loss
0,1.500000e-07,8.436462
50,7.650000e-06,8.031713
100,1.515000e-05,7.159023
150,2.265000e-05,6.499907
200,3.015000e-05,5.889254
250,3.765000e-05,5.357926
300,4.515000e-05,4.988289
350,5.265000e-05,4.681796
400,6.015000e-05,4.448018
450,6.765000e-05,4.293633
500,7.515000e-05,4.118075
550,8.265000e-05,4.117372
600,9.015000e-05,4.023013
650,9.765000e-05,3.850290
700,1.051500e-04,3.831943
750,1.126500e-04,3.667176
800,1.201500e-04,3.613895
850,1.276500e-04,3.500583
900,1.351500e-04,3.516922
950,1.426500e-04,3.420464
1000,1.501500e-04,3.340484
1050,1.576500e-04,3.283609
1100,1.651500e-04,3.271887
1150,1.726500e-04,3.194610
1200,1.801500e-04,3.140512
1250,1.876500e-04,3.134590
1300,1.951500e-04,2.970508
1350,2.026500e-04,3.019037
1400,2.101500e-04,2.922650
1450,2.176500e-04,2.905995
1500,2.251500e-04,2.935865
1550,2.326500e-04,2.803159
1600,2.401500e-04,2.828239
1650,2.476500e-04,2.818422
1700,2.551500e-04,2.694700
1750,2.626500e-04,2.866271
1800,2.701500e-04,2.648214
1850,2.776500e-04,2.660834
1900,2.851500e-04,2.691255
1950,2.926500e-04,2.652486
2000,3.000000e-04,2.603426
2050,2.999937e-04,2.601352
2100,2.999750e-04,2.599452
2150,2.999437e-04,2.467361
2200,2.998999e-04,2.470117
2250,2.998435e-04,2.465581
2300,2.997747e-04,2.517196
2350,2.996934e-04,2.481658
2400,2.995996e-04,2.445825
2450,2.994932e-04,2.449837
2500,2.993745e-04,2.397166
2550,2.992432e-04,2.312307
2600,2.990995e-04,2.393148
2650,2.989434e-04,2.323857
2700,2.987749e-04,2.338248
2750,2.985939e-04,2.351165
2800,2.984006e-04,2.415254
2850,2.981949e-04,2.214510
2900,2.979768e-04,2.301142
2950,2.977464e-04,2.283376
3000,2.975037e-04,2.219611
3050,2.972487e-04,2.214518
3100,2.969814e-04,2.259773
3150,2.967019e-04,2.234056
3200,2.964102e-04,2.254251
3250,2.961063e-04,2.180471
3300,2.957902e-04,2.235113
3350,2.954620e-04,2.196046
3400,2.951217e-04,2.161172
3450,2.947694e-04,2.147186
3500,2.944050e-04,2.106276
3550,2.940286e-04,2.113820
3600,2.936402e-04,2.166803
3650,2.932399e-04,2.134839
3700,2.928277e-04,2.193676
3750,2.924037e-04,2.100499
3800,2.919678e-04,2.023491
3850,2.915202e-04,2.161097
3900,2.910608e-04,2.130248
3950,2.905898e-04,2.107823
4000,2.901071e-04,2.010831
4050,2.896128e-04,2.006152
4100,2.891069e-04,2.059345
4150,2.885895e-04,2.052517
4200,2.880607e-04,2.112781
4250,2.875204e-04,2.042069
4300,2.869688e-04,2.018803
4350,2.864059e-04,1.981618
4400,2.858317e-04,2.049498
4450,2.852463e-04,2.049338
4500,2.846498e-04,2.049584
4550,2.840421e-04,2.100061
4600,2.834235e-04,2.017840
4650,2.827938e-04,2.009708
4700,2.821532e-04,1.953613
4750,2.815018e-04,1.905397
4800,2.808395e-04,1.934826
4850,2.801665e-04,1.880254
4900,2.794828e-04,2.050806
4950,2.787885e-04,1.977462
5000,2.780837e-04,1.934063
5050,2.773683e-04,2.000368
5100,2.766426e-04,1.939995
5150,2.759065e-04,1.960645
5200,2.751601e-04,1.888420
5250,2.744035e-04,1.915482
5300,2.736367e-04,1.934533
5350,2.728599e-04,1.971397
5400,2.720730e-04,2.017536
5450,2.712762e-04,1.845119
5500,2.704696e-04,1.833451
5550,2.696532e-04,1.970846
5600,2.688271e-04,1.915546
5650,2.679914e-04,1.880825
5700,2.671461e-04,1.963988
5750,2.662913e-04,1.920296
5800,2.654271e-04,1.877943
5850,2.645537e-04,1.938705
5900,2.636710e-04,1.939473
5950,2.627791e-04,1.994665
6000,2.618782e-04,1.838671
6050,2.609683e-04,1.952454
6100,2.600495e-04,1.867989
6150,2.591218e-04,1.878201
6200,2.581855e-04,1.885435
6250,2.572405e-04,1.897379
6300,2.562869e-04,1.818920
6350,2.553249e-04,1.855589
6400,2.543545e-04,1.833345
6450,2.533758e-04,1.874409
6500,2.523889e-04,1.886227
6550,2.513940e-04,1.944217
6600,2.503910e-04,1.860203
6650,2.493801e-04,1.912205
6700,2.483613e-04,1.904727
6750,2.473348e-04,1.863937
6800,2.463007e-04,1.847926
6850,2.452591e-04,1.840246
6900,2.442100e-04,1.927661
6950,2.431536e-04,1.895298
7000,2.420899e-04,1.806133
7050,2.410190e-04,1.801835
7100,2.399412e-04,1.857769
7150,2.388563e-04,1.820940
7200,2.377646e-04,1.784465
7250,2.366662e-04,1.877424
7300,2.355611e-04,1.779596
7350,2.344495e-04,1.855673
7400,2.333315e-04,1.841241
7450,2.322071e-04,1.822357
7500,2.310764e-04,1.821918
7550,2.299397e-04,1.810979
7600,2.287969e-04,1.845521
7650,2.276482e-04,1.866862
7700,2.264937e-04,1.840843
7750,2.253334e-04,1.828899
7800,2.241676e-04,1.803714
7850,2.229963e-04,1.827011
7900,2.218197e-04,1.706104
7950,2.206377e-04,1.797996
8000,2.194506e-04,1.852668
8050,2.182585e-04,1.799756
8100,2.170614e-04,1.848762
8150,2.158595e-04,1.856774
8200,2.146528e-04,1.844059
8250,2.134416e-04,1.858398
8300,2.122258e-04,1.771438
8350,2.110057e-04,1.827561
8400,2.097813e-04,1.790431
8450,2.085528e-04,1.860691
8500,2.073202e-04,1.914835
8550,2.060837e-04,1.835899
8600,2.048434e-04,1.777221
8650,2.035994e-04,1.751764
8700,2.023518e-04,1.861670
8750,2.011008e-04,1.773753
8800,1.998464e-04,1.814114
8850,1.985887e-04,1.793843
8900,1.973280e-04,1.820624
8950,1.960643e-04,1.777989
9000,1.947976e-04,1.753207
9050,1.935283e-04,1.738104
9100,1.922562e-04,1.803024
9150,1.909817e-04,1.776504
9200,1.897047e-04,1.746174
9250,1.884254e-04,1.807563
9300,1.871440e-04,1.775504
9350,1.858605e-04,1.826985
9400,1.845751e-04,1.778854
9450,1.832879e-04,1.770347
9500,1.819989e-04,1.859761
9550,1.807084e-04,1.717537
9600,1.794164e-04,1.757185
9650,1.781231e-04,1.847896
9700,1.768286e-04,1.764401
9750,1.755330e-04,1.798652
9800,1.742364e-04,1.763658
9850,1.729390e-04,1.748989
9900,1.716408e-04,1.758170
9950,1.703420e-04,1.708266
10000,1.690427e-04,1.728194
10050,1.677430e-04,1.771706
10100,1.664431e-04,1.813559
10150,1.651430e-04,1.738364
10200,1.638429e-04,1.779209
10250,1.625430e-04,1.746013
10300,1.612432e-04,1.766774
10350,1.599438e-04,1.704850
10400,1.586449e-04,1.734485
10450,1.573466e-04,1.730047
10500,1.560490e-04,1.777956
10550,1.547522e-04,1.771697
10600,1.534563e-04,1.694923
10650,1.521616e-04,1.732655
10700,1.508680e-04,1.664337
10750,1.495757e-04,1.741988
10800,1.482849e-04,1.806076
10850,1.469956e-04,1.698501
10900,1.457079e-04,1.765189
10950,1.444221e-04,1.693031
11000,1.431382e-04,1.818862
11050,1.418563e-04,1.695023
11100,1.405766e-04,1.644552
11150,1.392991e-04,1.733944
11200,1.380240e-04,1.757811
11250,1.367514e-04,1.776272
11300,1.354814e-04,1.679650
11350,1.342142e-04,1.807264
11400,1.329498e-04,1.749667
11450,1.316884e-04,1.733586
11500,1.304300e-04,1.731784
11550,1.291749e-04,1.759238
11600,1.279231e-04,1.780840
11650,1.266748e-04,1.701131
11700,1.254300e-04,1.709768
11750,1.241888e-04,1.621294
11800,1.229515e-04,1.645692
11850,1.217180e-04,1.702113
11900,1.204886e-04,1.694599
11950,1.192633e-04,1.756502
12000,1.180422e-04,1.677417
12050,1.168255e-04,1.708018
12100,1.156133e-04,1.764218
12150,1.144056e-04,1.734189
12200,1.132026e-04,1.744200
12250,1.120045e-04,1.628024
12300,1.108112e-04,1.651864
12350,1.096230e-04,1.771734
12400,1.084399e-04,1.602319
12450,1.072621e-04,1.715463
12500,1.060896e-04,1.680153
12550,1.049226e-04,1.717134
12600,1.037611e-04,1.668504
12650,1.026053e-04,1.723922
12700,1.014553e-04,1.655173
12750,1.003112e-04,1.727167
12800,9.917315e-05,1.704672
12850,9.804116e-05,1.680700
12900,9.691538e-05,1.652204
12950,9.579591e-05,1.652637
13000,9.468286e-05,1.671049
13050,9.357633e-05,1.690622
13100,9.247643e-05,1.678185
13150,9.138326e-05,1.690178
13200,9.029691e-05,1.738106
13250,8.921748e-05,1.698721
13300,8.814509e-05,1.682695
13350,8.707983e-05,1.677142
13400,8.602179e-05,1.649856
13450,8.497107e-05,1.700659
13500,8.392778e-05,1.718350
13550,8.289201e-05,1.689520
13600,8.186385e-05,1.689660
13650,8.084340e-05,1.637937
13700,7.983075e-05,1.656495
13750,7.882601e-05,1.689319
13800,7.782926e-05,1.731355
13850,7.684059e-05,1.621694
13900,7.586009e-05,1.702297
13950,7.488787e-05,1.705482
14000,7.392400e-05,1.619684
14050,7.296858e-05,1.719422
14100,7.202169e-05,1.682713
14150,7.108343e-05,1.651802
14200,7.015387e-05,1.773854
14250,6.923312e-05,1.756798
14300,6.832124e-05,1.692484
14350,6.741833e-05,1.700205
14400,6.652447e-05,1.667653
14450,6.563974e-05,1.677908
14500,6.476423e-05,1.668313
14550,6.389801e-05,1.620646
14600,6.304117e-05,1.571346
14650,6.219379e-05,1.757264
14700,6.135594e-05,1.715323
14750,6.052770e-05,1.740229
14800,5.970915e-05,1.719719
14850,5.890037e-05,1.616562
14900,5.810142e-05,1.600606
14950,5.731239e-05,1.650081
15000,5.653335e-05,1.710185
15050,5.576437e-05,1.702169
15100,5.500552e-05,1.653900
15150,5.425686e-05,1.699740
15200,5.351848e-05,1.645144
15250,5.279044e-05,1.765788
15300,5.207280e-05,1.644865
15350,5.136564e-05,1.717306
15400,5.066902e-05,1.732141
15450,4.998300e-05,1.656886
15500,4.930764e-05,1.608102
15550,4.864302e-05,1.648259
15600,4.798919e-05,1.696198
15650,4.734620e-05,1.677980
15700,4.671413e-05,1.682850
15750,4.609303e-05,1.628293
15800,4.548296e-05,1.710656
15850,4.488397e-05,1.626549
15900,4.429613e-05,1.677599
15950,4.371947e-05,1.761521
16000,4.315407e-05,1.708891
16050,4.259996e-05,1.713618
16100,4.205720e-05,1.716122
16150,4.152585e-05,1.732005
16200,4.100595e-05,1.707302
16250,4.049755e-05,1.683403
16300,4.000069e-05,1.668186
16350,3.951543e-05,1.624896
16400,3.904181e-05,1.669555
16450,3.857986e-05,1.720748
16500,3.812964e-05,1.585801
16550,3.769119e-05,1.608850
16600,3.726454e-05,1.647805
16650,3.684974e-05,1.650758
16700,3.644683e-05,1.674317
16750,3.605584e-05,1.666909
16800,3.567680e-05,1.720056
16850,3.530976e-05,1.628557
16900,3.495475e-05,1.682799
16950,3.461180e-05,1.642423
17000,3.428094e-05,1.702582
17050,3.396220e-05,1.659054
17100,3.365562e-05,1.646335
17150,3.336122e-05,1.725056
17200,3.307902e-05,1.657047
17250,3.280906e-05,1.615716
17300,3.255136e-05,1.635973
17350,3.230594e-05,1.591952
17400,3.207283e-05,1.698962
17450,3.185205e-05,1.702351
17500,3.164362e-05,1.698786
17550,3.144755e-05,1.697613
17600,3.126387e-05,1.678227
17650,3.109259e-05,1.700172
17700,3.093373e-05,1.637746
17750,3.078731e-05,1.701807
17800,3.065333e-05,1.629794
17850,3.053181e-05,1.707780
17900,3.042277e-05,1.655390
17950,3.032620e-05,1.714479
18000,3.024212e-05,1.710853
18050,3.017054e-05,1.602785
18100,3.011147e-05,1.574009
18150,3.006490e-05,1.647335
18200,3.003085e-05,1.597224
18250,3.000932e-05,1.677640
18300,3.000030e-05,1.637217
